item_id,item_name,item_type,show_date,start_time,end_time,run_time,show_type,show_type_id,day_type,price,special_show
1005651,Openhiemer,movie,2023-07-01,08:00:00,11:20:00,200,standard,1,weekend,20.0,no
1005947,Elemental,movie,2023-07-01,08:30:00,11:50:00,200,extreme,2,weekend,30.0,no
1005468,Barbie,movie,2023-07-01,09:30:00,11:40:00,130,standard,1,weekend,16.0,yes
1005647,Openhiemer,movie,2023-07-01,09:45:00,13:05:00,200,3D,3,weekend,40.0,no
1005470,Barbie,movie,2023-07-01,12:00:00,14:10:00,130,standard,1,weekend,16.0,yes
1005649,Openhiemer,movie,2023-07-01,12:00:00,15:20:00,200,standard,1,weekend,20.0,no
1006008,Pathan,movie,2023-07-01,13:15:00,16:15:00,180,Lux,4,weekend,50.0,no
1005648,Openhiemer,movie,2023-07-01,13:30:00,16:50:00,200,Lux,4,weekend,50.0,no
1005471,Barbie,movie,2023-07-01,14:30:00,16:40:00,130,extreme,2,weekend,30.0,no
1005472,Barbie,movie,2023-07-01,15:00:00,17:10:00,130,3D,3,weekend,32.0,yes
1005650,Openhiemer,movie,2023-07-01,15:15:00,18:35:00,200,3D,3,weekend,40.0,no
1005467,Barbie,movie,2023-07-01,16:15:00,18:25:00,130,Lux,4,weekend,50.0,no
1005888,The Nun,movie,2023-07-01,17:30:00,20:10:00,160,extreme,2,weekend,30.0,no
1006007,Pathan,movie,2023-07-01,17:30:00,20:30:00,180,standard,1,weekend,20.0,no
1005469,Barbie,movie,2023-07-01,18:30:00,20:40:00,130,Lux,4,weekend,50.0,no
1005827,Meg2,movie,2023-07-01,18:30:00,21:00:00,150,standard,1,weekend,20.0,no
1005948,Elemental,movie,2023-07-01,18:45:00,22:05:00,200,Lux,4,weekend,50.0,no
1005887,The Nun,movie,2023-07-01,21:00:00,23:40:00,160,standard,1,weekend,20.0,no
1005652,Openhiemer,movie,2023-07-01,21:15:00,00:35:00,200,standard,1,weekend,20.0,no
1005828,Meg2,movie,2023-07-01,21:45:00,00:15:00,150,standard,1,weekend,20.0,no
1005473,Barbie,movie,2023-07-02,08:30:00,10:40:00,130,standard,1,weekend,20.0,no
1006010,Pathan,movie,2023-07-02,08:30:00,11:30:00,180,standard,1,weekend,20.0,no
1005890,The Nun,movie,2023-07-02,10:45:00,13:25:00,160,standard,1,weekend,20.0,no
1005475,Barbie,movie,2023-07-02,11:00:00,13:10:00,130,standard,1,weekend,20.0,no
1005657,Openhiemer,movie,2023-07-02,11:00:00,14:20:00,200,standard,1,weekend,20.0,no
1005653,Openhiemer,movie,2023-07-02,12:00:00,15:20:00,200,extreme,2,weekend,30.0,no
1005949,Elemental,movie,2023-07-02,13:15:00,16:35:00,200,standard,1,weekend,20.0,no
1005476,Barbie,movie,2023-07-02,13:45:00,15:55:00,130,3D,3,weekend,40.0,no
1005654,Openhiemer,movie,2023-07-02,13:45:00,17:05:00,200,3D,3,weekend,40.0,no
1005477,Barbie,movie,2023-07-02,15:30:00,17:40:00,130,standard,1,weekend,16.0,yes
1005658,Openhiemer,movie,2023-07-02,16:00:00,19:20:00,200,standard,1,weekend,20.0,no
1005656,Openhiemer,movie,2023-07-02,16:30:00,19:50:00,200,extreme,2,weekend,30.0,no
1005829,Meg2,movie,2023-07-02,16:30:00,19:00:00,150,standard,1,weekend,20.0,no
1005830,Meg2,movie,2023-07-02,17:45:00,20:15:00,150,Lux,4,weekend,50.0,no
1005655,Openhiemer,movie,2023-07-02,19:30:00,22:50:00,200,standard,1,weekend,20.0,no
1005950,Elemental,movie,2023-07-02,20:30:00,23:50:00,200,standard,1,weekend,20.0,no
1006009,Pathan,movie,2023-07-02,20:30:00,23:30:00,180,extreme,2,weekend,30.0,no
1005478,Barbie,movie,2023-07-02,20:45:00,22:55:00,130,standard,1,weekend,20.0,no
1005474,Barbie,movie,2023-07-02,21:30:00,23:40:00,130,standard,1,weekend,20.0,no
1005889,The Nun,movie,2023-07-02,21:30:00,00:10:00,160,standard,1,weekend,20.0,no
1005481,Barbie,movie,2023-07-03,08:30:00,10:40:00,130,standard,1,weekday,15.0,no
1005484,Barbie,movie,2023-07-03,08:45:00,10:55:00,130,3D,3,weekday,35.0,no
1005951,Elemental,movie,2023-07-03,11:00:00,14:20:00,200,standard,1,weekday,15.0,no
1005831,Meg2,movie,2023-07-03,11:45:00,14:15:00,150,Lux,4,weekday,45.0,no
1005891,The Nun,movie,2023-07-03,11:45:00,14:25:00,160,Lux,4,weekday,45.0,no
1005659,Openhiemer,movie,2023-07-03,12:00:00,15:20:00,200,extreme,2,weekday,25.0,no
1005832,Meg2,movie,2023-07-03,12:15:00,14:45:00,150,extreme,2,weekday,25.0,no
1005660,Openhiemer,movie,2023-07-03,12:30:00,15:50:00,200,Lux,4,weekday,45.0,no
1005480,Barbie,movie,2023-07-03,15:45:00,17:55:00,130,extreme,2,weekday,25.0,no
1005482,Barbie,movie,2023-07-03,16:00:00,18:10:00,130,3D,3,weekday,35.0,no
1005664,Openhiemer,movie,2023-07-03,16:00:00,19:20:00,200,extreme,2,weekday,25.0,no
1005483,Barbie,movie,2023-07-03,18:15:00,20:25:00,130,extreme,2,weekday,25.0,no
1005662,Openhiemer,movie,2023-07-03,18:45:00,22:05:00,200,3D,3,weekday,35.0,no
1006012,Pathan,movie,2023-07-03,19:45:00,22:45:00,180,standard,1,weekday,15.0,no
1005661,Openhiemer,movie,2023-07-03,20:00:00,23:20:00,200,Lux,4,weekday,45.0,no
1005663,Openhiemer,movie,2023-07-03,20:00:00,23:20:00,200,extreme,2,weekday,25.0,no
1005892,The Nun,movie,2023-07-03,20:00:00,22:40:00,160,Lux,4,weekday,45.0,no
1005952,Elemental,movie,2023-07-03,20:00:00,23:20:00,200,3D,3,weekday,35.0,no
1005479,Barbie,movie,2023-07-03,21:00:00,23:10:00,130,standard,1,weekday,15.0,no
1006011,Pathan,movie,2023-07-03,21:45:00,00:45:00,180,standard,1,weekday,15.0,no
1006013,Pathan,movie,2023-07-04,08:15:00,11:15:00,180,Lux,4,weekday,45.0,no
1005954,Elemental,movie,2023-07-04,08:45:00,12:05:00,200,standard,1,weekday,15.0,no
1005488,Barbie,movie,2023-07-04,09:15:00,11:25:00,130,standard,1,weekday,15.0,no
1005670,Openhiemer,movie,2023-07-04,09:30:00,12:50:00,200,3D,3,weekday,35.0,no
1005487,Barbie,movie,2023-07-04,11:00:00,13:10:00,130,standard,1,weekday,15.0,no
1006014,Pathan,movie,2023-07-04,12:45:00,15:45:00,180,standard,1,weekday,15.0,no
1005667,Openhiemer,movie,2023-07-04,13:00:00,16:20:00,200,standard,1,weekday,15.0,no
1005668,Openhiemer,movie,2023-07-04,13:00:00,16:20:00,200,extreme,2,weekday,25.0,no
1005894,The Nun,movie,2023-07-04,13:00:00,15:40:00,160,extreme,2,weekday,25.0,no
1005489,Barbie,movie,2023-07-04,13:30:00,15:40:00,130,extreme,2,weekday,25.0,no
1005834,Meg2,movie,2023-07-04,14:15:00,16:45:00,150,Lux,4,weekday,45.0,no
1005490,Barbie,movie,2023-07-04,15:15:00,17:25:00,130,extreme,2,weekday,25.0,no
1005833,Meg2,movie,2023-07-04,17:00:00,19:30:00,150,standard,1,weekday,15.0,no
1005893,The Nun,movie,2023-07-04,17:45:00,20:25:00,160,Lux,4,weekday,45.0,no
1005486,Barbie,movie,2023-07-04,18:30:00,20:40:00,130,Lux,4,weekday,45.0,no
1005669,Openhiemer,movie,2023-07-04,18:45:00,22:05:00,200,extreme,2,weekday,25.0,no
1005665,Openhiemer,movie,2023-07-04,19:00:00,22:20:00,200,Lux,4,weekday,45.0,no
1005953,Elemental,movie,2023-07-04,19:15:00,22:35:00,200,standard,1,weekday,15.0,no
1005485,Barbie,movie,2023-07-04,20:45:00,22:55:00,130,standard,1,weekday,15.0,no
1005666,Openhiemer,movie,2023-07-04,20:45:00,00:05:00,200,standard,1,weekday,15.0,no
1006015,Pathan,movie,2023-07-05,08:00:00,11:00:00,180,Lux,4,weekday,45.0,no
1005494,Barbie,movie,2023-07-05,08:15:00,10:25:00,130,standard,1,weekday,15.0,no
1005835,Meg2,movie,2023-07-05,10:15:00,12:45:00,150,standard,1,weekday,15.0,no
1005674,Openhiemer,movie,2023-07-05,10:45:00,14:05:00,200,standard,1,weekday,15.0,no
1005675,Openhiemer,movie,2023-07-05,12:30:00,15:50:00,200,Lux,4,weekday,45.0,no
1005671,Openhiemer,movie,2023-07-05,13:00:00,16:20:00,200,standard,1,weekday,15.0,no
1005491,Barbie,movie,2023-07-05,14:30:00,16:40:00,130,standard,1,weekday,15.0,no
1005672,Openhiemer,movie,2023-07-05,15:00:00,18:20:00,200,3D,3,weekday,35.0,no
1005895,The Nun,movie,2023-07-05,15:00:00,17:40:00,160,standard,1,weekday,15.0,no
1005496,Barbie,movie,2023-07-05,15:15:00,17:25:00,130,standard,1,weekday,15.0,no
1005896,The Nun,movie,2023-07-05,16:00:00,18:40:00,160,standard,1,weekday,15.0,no
1005492,Barbie,movie,2023-07-05,17:15:00,19:25:00,130,3D,3,weekday,35.0,no
1005836,Meg2,movie,2023-07-05,17:45:00,20:15:00,150,standard,1,weekday,15.0,no
1005493,Barbie,movie,2023-07-05,18:00:00,20:10:00,130,Lux,4,weekday,45.0,no
1005495,Barbie,movie,2023-07-05,18:45:00,20:55:00,130,3D,3,weekday,35.0,no
1005956,Elemental,movie,2023-07-05,19:00:00,22:20:00,200,standard,1,weekday,15.0,no
1006016,Pathan,movie,2023-07-05,20:15:00,23:15:00,180,standard,1,weekday,15.0,no
1005955,Elemental,movie,2023-07-05,20:30:00,23:50:00,200,3D,3,weekday,35.0,no
1005673,Openhiemer,movie,2023-07-05,20:45:00,00:05:00,200,Lux,4,weekday,45.0,no
1005676,Openhiemer,movie,2023-07-05,20:45:00,00:05:00,200,extreme,2,weekday,25.0,no
1005897,The Nun,movie,2023-07-06,08:15:00,10:55:00,160,Lux,4,weekday,45.0,no
1006017,Pathan,movie,2023-07-06,08:15:00,11:15:00,180,standard,1,weekday,15.0,no
1005898,The Nun,movie,2023-07-06,10:00:00,12:40:00,160,standard,1,weekday,15.0,no
1005679,Openhiemer,movie,2023-07-06,10:30:00,13:50:00,200,standard,1,weekday,15.0,no
1005500,Barbie,movie,2023-07-06,11:00:00,13:10:00,130,Lux,4,weekday,45.0,no
1005678,Openhiemer,movie,2023-07-06,11:30:00,14:50:00,200,standard,1,weekday,15.0,no
1005681,Openhiemer,movie,2023-07-06,12:15:00,15:35:00,200,extreme,2,weekday,25.0,no
1005958,Elemental,movie,2023-07-06,12:45:00,16:05:00,200,standard,1,weekday,15.0,no
1005838,Meg2,movie,2023-07-06,13:15:00,15:45:00,150,standard,1,weekday,15.0,no
1005677,Openhiemer,movie,2023-07-06,13:45:00,17:05:00,200,Lux,4,weekday,45.0,no
1005957,Elemental,movie,2023-07-06,13:45:00,17:05:00,200,standard,1,weekday,15.0,no
1005502,Barbie,movie,2023-07-06,15:45:00,17:55:00,130,Lux,4,weekday,45.0,no
1005498,Barbie,movie,2023-07-06,16:15:00,18:25:00,130,standard,1,weekday,15.0,no
1005499,Barbie,movie,2023-07-06,16:15:00,18:25:00,130,standard,1,weekday,15.0,no
1005497,Barbie,movie,2023-07-06,16:30:00,18:40:00,130,standard,1,weekday,15.0,no
1005682,Openhiemer,movie,2023-07-06,16:45:00,20:05:00,200,3D,3,weekday,35.0,no
1005501,Barbie,movie,2023-07-06,17:45:00,19:55:00,130,standard,1,weekday,15.0,no
1006018,Pathan,movie,2023-07-06,18:00:00,21:00:00,180,Lux,4,weekday,45.0,no
1005680,Openhiemer,movie,2023-07-06,19:45:00,23:05:00,200,extreme,2,weekday,25.0,no
1005837,Meg2,movie,2023-07-06,21:45:00,00:15:00,150,standard,1,weekday,15.0,no
1005839,Meg2,movie,2023-07-07,08:00:00,10:30:00,150,extreme,2,weekday,25.0,no
1005507,Barbie,movie,2023-07-07,09:00:00,11:10:00,130,extreme,2,weekday,25.0,no
1005506,Barbie,movie,2023-07-07,10:00:00,12:10:00,130,standard,1,weekday,15.0,no
1005960,Elemental,movie,2023-07-07,10:00:00,13:20:00,200,standard,1,weekday,15.0,no
1005685,Openhiemer,movie,2023-07-07,10:30:00,13:50:00,200,standard,1,weekday,15.0,no
1005684,Openhiemer,movie,2023-07-07,11:15:00,14:35:00,200,3D,3,weekday,35.0,no
1005900,The Nun,movie,2023-07-07,11:30:00,14:10:00,160,standard,1,weekday,15.0,no
1005503,Barbie,movie,2023-07-07,11:45:00,13:55:00,130,3D,3,weekday,35.0,no
1005508,Barbie,movie,2023-07-07,12:00:00,14:10:00,130,extreme,2,weekday,25.0,no
1005899,The Nun,movie,2023-07-07,12:00:00,14:40:00,160,extreme,2,weekday,25.0,no
1006019,Pathan,movie,2023-07-07,13:30:00,16:30:00,180,Lux,4,weekday,45.0,no
1006020,Pathan,movie,2023-07-07,13:30:00,16:30:00,180,3D,3,weekday,35.0,no
1005686,Openhiemer,movie,2023-07-07,15:00:00,18:20:00,200,standard,1,weekday,15.0,no
1005683,Openhiemer,movie,2023-07-07,16:00:00,19:20:00,200,extreme,2,weekday,25.0,no
1005504,Barbie,movie,2023-07-07,18:30:00,20:40:00,130,3D,3,weekday,35.0,no
1005840,Meg2,movie,2023-07-07,18:30:00,21:00:00,150,Lux,4,weekday,45.0,no
1005688,Openhiemer,movie,2023-07-07,19:15:00,22:35:00,200,standard,1,weekday,15.0,no
1005687,Openhiemer,movie,2023-07-07,20:15:00,23:35:00,200,3D,3,weekday,35.0,no
1005959,Elemental,movie,2023-07-07,21:15:00,00:35:00,200,Lux,4,weekday,45.0,no
1005505,Barbie,movie,2023-07-07,21:45:00,23:55:00,130,extreme,2,weekday,25.0,no
1005512,Barbie,movie,2023-07-08,10:45:00,12:55:00,130,standard,1,weekend,20.0,no
1005901,The Nun,movie,2023-07-08,10:45:00,13:25:00,160,standard,1,weekend,20.0,no
1005841,Meg2,movie,2023-07-08,11:15:00,13:45:00,150,standard,1,weekend,20.0,no
1005514,Barbie,movie,2023-07-08,11:45:00,13:55:00,130,3D,3,weekend,40.0,no
1005961,Elemental,movie,2023-07-08,13:00:00,16:20:00,200,Lux,4,weekend,50.0,no
1005962,Elemental,movie,2023-07-08,13:30:00,16:50:00,200,extreme,2,weekend,30.0,no
1005692,Openhiemer,movie,2023-07-08,13:45:00,17:05:00,200,standard,1,weekend,20.0,no
1005694,Openhiemer,movie,2023-07-08,14:00:00,17:20:00,200,3D,3,weekend,40.0,no
1005511,Barbie,movie,2023-07-08,15:00:00,17:10:00,130,Lux,4,weekend,50.0,no
1005902,The Nun,movie,2023-07-08,15:00:00,17:40:00,160,standard,1,weekend,20.0,no
1005693,Openhiemer,movie,2023-07-08,16:30:00,19:50:00,200,Lux,4,weekend,50.0,no
1005842,Meg2,movie,2023-07-08,17:30:00,20:00:00,150,standard,1,weekend,20.0,no
1005510,Barbie,movie,2023-07-08,18:00:00,20:10:00,130,standard,1,weekend,20.0,no
1005689,Openhiemer,movie,2023-07-08,19:00:00,22:20:00,200,extreme,2,weekend,30.0,no
1005690,Openhiemer,movie,2023-07-08,19:00:00,22:20:00,200,3D,3,weekend,40.0,no
1005691,Openhiemer,movie,2023-07-08,19:00:00,22:20:00,200,3D,3,weekend,40.0,no
1006022,Pathan,movie,2023-07-08,19:00:00,22:00:00,180,Lux,4,weekend,50.0,no
1005509,Barbie,movie,2023-07-08,19:45:00,21:55:00,130,standard,1,weekend,20.0,no
1005513,Barbie,movie,2023-07-08,20:15:00,22:25:00,130,Lux,4,weekend,50.0,no
1006021,Pathan,movie,2023-07-08,20:45:00,23:45:00,180,extreme,2,weekend,30.0,no
1005516,Barbie,movie,2023-07-09,08:45:00,10:55:00,130,Lux,4,weekend,50.0,no
1005699,Openhiemer,movie,2023-07-09,09:30:00,12:50:00,200,standard,1,weekend,20.0,no
1005520,Barbie,movie,2023-07-09,09:45:00,11:55:00,130,3D,3,weekend,40.0,no
1006024,Pathan,movie,2023-07-09,09:45:00,12:45:00,180,3D,3,weekend,40.0,no
1005843,Meg2,movie,2023-07-09,10:15:00,12:45:00,150,standard,1,weekend,20.0,no
1005904,The Nun,movie,2023-07-09,10:45:00,13:25:00,160,standard,1,weekend,20.0,no
1005519,Barbie,movie,2023-07-09,11:00:00,13:10:00,130,extreme,2,weekend,30.0,no
1005515,Barbie,movie,2023-07-09,12:00:00,14:10:00,130,standard,1,weekend,20.0,no
1005517,Barbie,movie,2023-07-09,12:15:00,14:25:00,130,Lux,4,weekend,50.0,no
1005698,Openhiemer,movie,2023-07-09,13:00:00,16:20:00,200,3D,3,weekend,40.0,no
1005518,Barbie,movie,2023-07-09,13:15:00,15:25:00,130,standard,1,weekend,20.0,no
1005696,Openhiemer,movie,2023-07-09,14:00:00,17:20:00,200,standard,1,weekend,20.0,no
1005963,Elemental,movie,2023-07-09,14:15:00,17:35:00,200,Lux,4,weekend,50.0,no
1005695,Openhiemer,movie,2023-07-09,16:00:00,19:20:00,200,standard,1,weekend,20.0,no
1006023,Pathan,movie,2023-07-09,16:00:00,19:00:00,180,3D,3,weekend,40.0,no
1005700,Openhiemer,movie,2023-07-09,17:00:00,20:20:00,200,extreme,2,weekend,30.0,no
1005964,Elemental,movie,2023-07-09,17:45:00,21:05:00,200,standard,1,weekend,20.0,no
1005697,Openhiemer,movie,2023-07-09,18:00:00,21:20:00,200,standard,1,weekend,20.0,no
1005844,Meg2,movie,2023-07-09,19:45:00,22:15:00,150,3D,3,weekend,40.0,no
1005903,The Nun,movie,2023-07-09,22:00:00,00:40:00,160,standard,1,weekend,20.0,no
1005965,Elemental,movie,2023-07-10,08:30:00,11:50:00,200,standard,1,weekday,15.0,no
1006026,Pathan,movie,2023-07-10,09:30:00,12:30:00,180,3D,3,weekday,35.0,no
1005524,Barbie,movie,2023-07-10,10:00:00,12:10:00,130,3D,3,weekday,35.0,no
1005906,The Nun,movie,2023-07-10,10:15:00,12:55:00,160,standard,1,weekday,15.0,no
1005701,Openhiemer,movie,2023-07-10,10:45:00,14:05:00,200,3D,3,weekday,35.0,no
1005706,Openhiemer,movie,2023-07-10,10:45:00,14:05:00,200,Lux,4,weekday,45.0,no
1006025,Pathan,movie,2023-07-10,10:45:00,13:45:00,180,extreme,2,weekday,25.0,no
1005705,Openhiemer,movie,2023-07-10,11:00:00,14:20:00,200,standard,1,weekday,15.0,no
1005523,Barbie,movie,2023-07-10,11:30:00,13:40:00,130,standard,1,weekday,15.0,no
1005526,Barbie,movie,2023-07-10,12:15:00,14:25:00,130,Lux,4,weekday,45.0,no
1005905,The Nun,movie,2023-07-10,12:15:00,14:55:00,160,standard,1,weekday,15.0,no
1005522,Barbie,movie,2023-07-10,13:15:00,15:25:00,130,extreme,2,weekday,25.0,no
1005525,Barbie,movie,2023-07-10,13:15:00,15:25:00,130,extreme,2,weekday,25.0,no
1005845,Meg2,movie,2023-07-10,14:45:00,17:15:00,150,3D,3,weekday,35.0,no
1005703,Openhiemer,movie,2023-07-10,16:00:00,19:20:00,200,Lux,4,weekday,45.0,no
1005966,Elemental,movie,2023-07-10,16:15:00,19:35:00,200,3D,3,weekday,35.0,no
1005846,Meg2,movie,2023-07-10,18:00:00,20:30:00,150,standard,1,weekday,15.0,no
1005521,Barbie,movie,2023-07-10,18:15:00,20:25:00,130,3D,3,weekday,35.0,no
1005702,Openhiemer,movie,2023-07-10,20:30:00,23:50:00,200,Lux,4,weekday,45.0,no
1005704,Openhiemer,movie,2023-07-10,21:00:00,00:20:00,200,standard,1,weekday,15.0,no
1005908,The Nun,movie,2023-07-11,08:00:00,10:40:00,160,standard,1,weekday,15.0,no
1005707,Openhiemer,movie,2023-07-11,08:15:00,11:35:00,200,3D,3,weekday,35.0,no
1005708,Openhiemer,movie,2023-07-11,08:15:00,11:35:00,200,3D,3,weekday,35.0,no
1005847,Meg2,movie,2023-07-11,08:45:00,11:15:00,150,extreme,2,weekday,25.0,no
1005967,Elemental,movie,2023-07-11,10:15:00,13:35:00,200,standard,1,weekday,15.0,no
1005712,Openhiemer,movie,2023-07-11,11:15:00,14:35:00,200,3D,3,weekday,35.0,no
1005709,Openhiemer,movie,2023-07-11,12:15:00,15:35:00,200,Lux,4,weekday,45.0,no
1006028,Pathan,movie,2023-07-11,12:15:00,15:15:00,180,standard,1,weekday,15.0,no
1005907,The Nun,movie,2023-07-11,12:30:00,15:10:00,160,Lux,4,weekday,45.0,no
1005527,Barbie,movie,2023-07-11,13:30:00,15:40:00,130,Lux,4,weekday,45.0,no
1005968,Elemental,movie,2023-07-11,14:00:00,17:20:00,200,standard,1,weekday,15.0,no
1005848,Meg2,movie,2023-07-11,14:15:00,16:45:00,150,standard,1,weekday,15.0,no
1005531,Barbie,movie,2023-07-11,14:45:00,16:55:00,130,standard,1,weekday,15.0,no
1005711,Openhiemer,movie,2023-07-11,15:00:00,18:20:00,200,standard,1,weekday,15.0,no
1005529,Barbie,movie,2023-07-11,15:15:00,17:25:00,130,3D,3,weekday,35.0,no
1005528,Barbie,movie,2023-07-11,18:30:00,20:40:00,130,standard,1,weekday,15.0,no
1005532,Barbie,movie,2023-07-11,18:45:00,20:55:00,130,standard,1,weekday,15.0,no
1005710,Openhiemer,movie,2023-07-11,19:30:00,22:50:00,200,Lux,4,weekday,45.0,no
1006027,Pathan,movie,2023-07-11,20:15:00,23:15:00,180,extreme,2,weekday,25.0,no
1005530,Barbie,movie,2023-07-11,21:30:00,23:40:00,130,Lux,4,weekday,45.0,no
1005537,Barbie,movie,2023-07-12,08:15:00,10:25:00,130,Lux,4,weekday,45.0,no
1005909,The Nun,movie,2023-07-12,08:45:00,11:25:00,160,3D,3,weekday,35.0,no
1005533,Barbie,movie,2023-07-12,09:15:00,11:25:00,130,standard,1,weekday,15.0,no
1005717,Openhiemer,movie,2023-07-12,10:45:00,14:05:00,200,extreme,2,weekday,25.0,no
1005534,Barbie,movie,2023-07-12,12:30:00,14:40:00,130,extreme,2,weekday,25.0,no
1006029,Pathan,movie,2023-07-12,12:30:00,15:30:00,180,3D,3,weekday,35.0,no
1005713,Openhiemer,movie,2023-07-12,13:00:00,16:20:00,200,Lux,4,weekday,45.0,no
1005715,Openhiemer,movie,2023-07-12,13:00:00,16:20:00,200,3D,3,weekday,35.0,no
1005849,Meg2,movie,2023-07-12,13:00:00,15:30:00,150,standard,1,weekday,15.0,no
1005718,Openhiemer,movie,2023-07-12,13:45:00,17:05:00,200,standard,1,weekday,15.0,no
1005538,Barbie,movie,2023-07-12,15:15:00,17:25:00,130,Lux,4,weekday,45.0,no
1006030,Pathan,movie,2023-07-12,15:30:00,18:30:00,180,Lux,4,weekday,45.0,no
1005535,Barbie,movie,2023-07-12,17:15:00,19:25:00,130,Lux,4,weekday,45.0,no
1005970,Elemental,movie,2023-07-12,17:30:00,20:50:00,200,standard,1,weekday,15.0,no
1005969,Elemental,movie,2023-07-12,17:45:00,21:05:00,200,3D,3,weekday,35.0,no
1005910,The Nun,movie,2023-07-12,19:30:00,22:10:00,160,standard,1,weekday,15.0,no
1005716,Openhiemer,movie,2023-07-12,19:45:00,23:05:00,200,standard,1,weekday,15.0,no
1005714,Openhiemer,movie,2023-07-12,20:45:00,00:05:00,200,3D,3,weekday,35.0,no
1005850,Meg2,movie,2023-07-12,20:45:00,23:15:00,150,standard,1,weekday,15.0,no
1005536,Barbie,movie,2023-07-12,22:00:00,00:10:00,130,standard,1,weekday,15.0,no
1005912,The Nun,movie,2023-07-13,08:00:00,10:40:00,160,Lux,4,weekday,45.0,no
1005544,Barbie,movie,2023-07-13,08:30:00,10:40:00,130,Lux,4,weekday,45.0,no
1005852,Meg2,movie,2023-07-13,08:30:00,11:00:00,150,extreme,2,weekday,25.0,no
1005722,Openhiemer,movie,2023-07-13,09:15:00,12:35:00,200,standard,1,weekday,15.0,no
1005721,Openhiemer,movie,2023-07-13,10:15:00,13:35:00,200,standard,1,weekday,15.0,no
1006031,Pathan,movie,2023-07-13,10:30:00,13:30:00,180,standard,1,weekday,15.0,no
1005541,Barbie,movie,2023-07-13,11:00:00,13:10:00,130,standard,1,weekday,15.0,no
1006032,Pathan,movie,2023-07-13,11:15:00,14:15:00,180,Lux,4,weekday,45.0,no
1005971,Elemental,movie,2023-07-13,13:00:00,16:20:00,200,extreme,2,weekday,25.0,no
1005540,Barbie,movie,2023-07-13,14:30:00,16:40:00,130,Lux,4,weekday,45.0,no
1005543,Barbie,movie,2023-07-13,14:30:00,16:40:00,130,standard,1,weekday,15.0,no
1005851,Meg2,movie,2023-07-13,14:30:00,17:00:00,150,extreme,2,weekday,25.0,no
1005972,Elemental,movie,2023-07-13,15:15:00,18:35:00,200,Lux,4,weekday,45.0,no
1005539,Barbie,movie,2023-07-13,16:15:00,18:25:00,130,standard,1,weekday,15.0,no
1005724,Openhiemer,movie,2023-07-13,16:15:00,19:35:00,200,Lux,4,weekday,45.0,no
1005719,Openhiemer,movie,2023-07-13,19:00:00,22:20:00,200,standard,1,weekday,15.0,no
1005542,Barbie,movie,2023-07-13,19:15:00,21:25:00,130,standard,1,weekday,15.0,no
1005911,The Nun,movie,2023-07-13,19:15:00,21:55:00,160,extreme,2,weekday,25.0,no
1005723,Openhiemer,movie,2023-07-13,19:45:00,23:05:00,200,standard,1,weekday,15.0,no
1005720,Openhiemer,movie,2023-07-13,21:45:00,01:05:00,200,Lux,4,weekday,45.0,no
1005549,Barbie,movie,2023-07-14,08:00:00,10:10:00,130,extreme,2,weekday,25.0,no
1005550,Barbie,movie,2023-07-14,08:00:00,10:10:00,130,extreme,2,weekday,25.0,no
1005914,The Nun,movie,2023-07-14,08:15:00,10:55:00,160,extreme,2,weekday,25.0,no
1005853,Meg2,movie,2023-07-14,10:15:00,12:45:00,150,standard,1,weekday,15.0,no
1005725,Openhiemer,movie,2023-07-14,11:00:00,14:20:00,200,standard,1,weekday,15.0,no
1005974,Elemental,movie,2023-07-14,12:00:00,15:20:00,200,Lux,4,weekday,45.0,no
1005913,The Nun,movie,2023-07-14,14:45:00,17:25:00,160,standard,1,weekday,15.0,no
1005730,Openhiemer,movie,2023-07-14,15:00:00,18:20:00,200,standard,1,weekday,15.0,no
1005727,Openhiemer,movie,2023-07-14,15:15:00,18:35:00,200,Lux,4,weekday,45.0,no
1005726,Openhiemer,movie,2023-07-14,15:45:00,19:05:00,200,standard,1,weekday,15.0,no
1005729,Openhiemer,movie,2023-07-14,15:45:00,19:05:00,200,extreme,2,weekday,25.0,no
1005854,Meg2,movie,2023-07-14,16:15:00,18:45:00,150,standard,1,weekday,15.0,no
1006033,Pathan,movie,2023-07-14,19:00:00,22:00:00,180,standard,1,weekday,15.0,no
1005547,Barbie,movie,2023-07-14,19:30:00,21:40:00,130,extreme,2,weekday,25.0,no
1005548,Barbie,movie,2023-07-14,19:30:00,21:40:00,130,standard,1,weekday,15.0,no
1005973,Elemental,movie,2023-07-14,19:30:00,22:50:00,200,standard,1,weekday,15.0,no
1005545,Barbie,movie,2023-07-14,21:00:00,23:10:00,130,3D,3,weekday,35.0,no
1005728,Openhiemer,movie,2023-07-14,21:15:00,00:35:00,200,Lux,4,weekday,45.0,no
1006034,Pathan,movie,2023-07-14,21:30:00,00:30:00,180,standard,1,weekday,15.0,no
1005546,Barbie,movie,2023-07-14,22:00:00,00:10:00,130,standard,1,weekday,15.0,no
1006036,Pathan,movie,2023-07-15,08:45:00,11:45:00,180,standard,1,weekend,20.0,no
1005733,Openhiemer,movie,2023-07-15,09:30:00,12:50:00,200,standard,1,weekend,20.0,no
1005553,Barbie,movie,2023-07-15,09:45:00,11:55:00,130,standard,1,weekend,20.0,no
1005551,Barbie,movie,2023-07-15,11:00:00,13:10:00,130,extreme,2,weekend,30.0,no
1005556,Barbie,movie,2023-07-15,11:00:00,13:10:00,130,standard,1,weekend,20.0,no
1005976,Elemental,movie,2023-07-15,12:45:00,16:05:00,200,3D,3,weekend,40.0,no
1005731,Openhiemer,movie,2023-07-15,13:00:00,16:20:00,200,extreme,2,weekend,30.0,no
1005735,Openhiemer,movie,2023-07-15,13:45:00,17:05:00,200,standard,1,weekend,20.0,no
1006035,Pathan,movie,2023-07-15,16:15:00,19:15:00,180,extreme,2,weekend,30.0,no
1005732,Openhiemer,movie,2023-07-15,16:30:00,19:50:00,200,Lux,4,weekend,50.0,no
1005856,Meg2,movie,2023-07-15,16:45:00,19:15:00,150,extreme,2,weekend,30.0,no
1005552,Barbie,movie,2023-07-15,17:15:00,19:25:00,130,extreme,2,weekend,30.0,no
1005915,The Nun,movie,2023-07-15,17:15:00,19:55:00,160,extreme,2,weekend,30.0,no
1005975,Elemental,movie,2023-07-15,18:30:00,21:50:00,200,standard,1,weekend,20.0,no
1005734,Openhiemer,movie,2023-07-15,19:15:00,22:35:00,200,Lux,4,weekend,50.0,no
1005736,Openhiemer,movie,2023-07-15,19:15:00,22:35:00,200,standard,1,weekend,20.0,no
1005855,Meg2,movie,2023-07-15,19:15:00,21:45:00,150,extreme,2,weekend,30.0,no
1005916,The Nun,movie,2023-07-15,19:45:00,22:25:00,160,standard,1,weekend,20.0,no
1005555,Barbie,movie,2023-07-15,20:15:00,22:25:00,130,extreme,2,weekend,30.0,no
1005554,Barbie,movie,2023-07-15,21:00:00,23:10:00,130,standard,1,weekend,20.0,no
1005738,Openhiemer,movie,2023-07-16,08:15:00,11:35:00,200,extreme,2,weekend,30.0,no
1005557,Barbie,movie,2023-07-16,09:30:00,11:40:00,130,Lux,4,weekend,50.0,no
1005739,Openhiemer,movie,2023-07-16,09:45:00,13:05:00,200,3D,3,weekend,40.0,no
1005978,Elemental,movie,2023-07-16,10:00:00,13:20:00,200,Lux,4,weekend,50.0,no
1005917,The Nun,movie,2023-07-16,10:45:00,13:25:00,160,3D,3,weekend,40.0,no
1005742,Openhiemer,movie,2023-07-16,11:15:00,14:35:00,200,Lux,4,weekend,50.0,no
1005562,Barbie,movie,2023-07-16,11:45:00,13:55:00,130,3D,3,weekend,40.0,no
1005858,Meg2,movie,2023-07-16,13:45:00,16:15:00,150,Lux,4,weekend,50.0,no
1005561,Barbie,movie,2023-07-16,14:15:00,16:25:00,130,3D,3,weekend,40.0,no
1005737,Openhiemer,movie,2023-07-16,14:15:00,17:35:00,200,standard,1,weekend,20.0,no
1005918,The Nun,movie,2023-07-16,14:15:00,16:55:00,160,Lux,4,weekend,50.0,no
1005857,Meg2,movie,2023-07-16,15:30:00,18:00:00,150,standard,1,weekend,20.0,no
1005977,Elemental,movie,2023-07-16,16:15:00,19:35:00,200,Lux,4,weekend,50.0,no
1005559,Barbie,movie,2023-07-16,16:30:00,18:40:00,130,standard,1,weekend,20.0,no
1005740,Openhiemer,movie,2023-07-16,16:30:00,19:50:00,200,standard,1,weekend,20.0,no
1006038,Pathan,movie,2023-07-16,17:00:00,20:00:00,180,standard,1,weekend,20.0,no
1005558,Barbie,movie,2023-07-16,18:15:00,20:25:00,130,3D,3,weekend,40.0,no
1005560,Barbie,movie,2023-07-16,20:30:00,22:40:00,130,standard,1,weekend,20.0,no
1005741,Openhiemer,movie,2023-07-16,21:15:00,00:35:00,200,Lux,4,weekend,50.0,no
1006037,Pathan,movie,2023-07-16,21:30:00,00:30:00,180,3D,3,weekend,40.0,no
1005859,Meg2,movie,2023-07-17,08:00:00,10:30:00,150,Lux,4,weekday,45.0,no
1005980,Elemental,movie,2023-07-17,08:15:00,11:35:00,200,standard,1,weekday,15.0,no
1005860,Meg2,movie,2023-07-17,08:45:00,11:15:00,150,standard,1,weekday,15.0,no
1005568,Barbie,movie,2023-07-17,09:00:00,11:10:00,130,standard,1,weekday,15.0,no
1005747,Openhiemer,movie,2023-07-17,09:15:00,12:35:00,200,Lux,4,weekday,45.0,no
1005979,Elemental,movie,2023-07-17,09:15:00,12:35:00,200,3D,3,weekday,35.0,no
1005744,Openhiemer,movie,2023-07-17,10:00:00,13:20:00,200,extreme,2,weekday,25.0,no
1005743,Openhiemer,movie,2023-07-17,14:30:00,17:50:00,200,Lux,4,weekday,45.0,no
1005745,Openhiemer,movie,2023-07-17,15:15:00,18:35:00,200,Lux,4,weekday,45.0,no
1005748,Openhiemer,movie,2023-07-17,16:00:00,19:20:00,200,3D,3,weekday,35.0,no
1005566,Barbie,movie,2023-07-17,16:30:00,18:40:00,130,standard,1,weekday,15.0,no
1005746,Openhiemer,movie,2023-07-17,16:45:00,20:05:00,200,standard,1,weekday,15.0,no
1005565,Barbie,movie,2023-07-17,17:15:00,19:25:00,130,extreme,2,weekday,25.0,no
1005919,The Nun,movie,2023-07-17,18:45:00,21:25:00,160,standard,1,weekday,15.0,no
1005564,Barbie,movie,2023-07-17,19:00:00,21:10:00,130,3D,3,weekday,35.0,no
1005920,The Nun,movie,2023-07-17,19:45:00,22:25:00,160,standard,1,weekday,15.0,no
1006040,Pathan,movie,2023-07-17,20:00:00,23:00:00,180,extreme,2,weekday,25.0,no
1005563,Barbie,movie,2023-07-17,20:45:00,22:55:00,130,Lux,4,weekday,45.0,no
1006039,Pathan,movie,2023-07-17,21:00:00,00:00:00,180,Lux,4,weekday,45.0,no
1005567,Barbie,movie,2023-07-17,21:45:00,23:55:00,130,extreme,2,weekday,25.0,no
1005751,Openhiemer,movie,2023-07-18,08:30:00,11:50:00,200,3D,3,weekday,35.0,no
1005749,Openhiemer,movie,2023-07-18,08:45:00,12:05:00,200,Lux,4,weekday,45.0,no
1005753,Openhiemer,movie,2023-07-18,08:45:00,12:05:00,200,extreme,2,weekday,25.0,no
1005752,Openhiemer,movie,2023-07-18,11:15:00,14:35:00,200,standard,1,weekday,15.0,no
1005573,Barbie,movie,2023-07-18,11:30:00,13:40:00,130,3D,3,weekday,35.0,no
1005572,Barbie,movie,2023-07-18,11:45:00,13:55:00,130,3D,3,weekday,35.0,no
1005750,Openhiemer,movie,2023-07-18,11:45:00,15:05:00,200,extreme,2,weekday,25.0,no
1005861,Meg2,movie,2023-07-18,11:45:00,14:15:00,150,standard,1,weekday,15.0,no
1006042,Pathan,movie,2023-07-18,12:30:00,15:30:00,180,extreme,2,weekday,25.0,no
1006041,Pathan,movie,2023-07-18,12:45:00,15:45:00,180,Lux,4,weekday,45.0,no
1005921,The Nun,movie,2023-07-18,13:00:00,15:40:00,160,standard,1,weekday,15.0,no
1005982,Elemental,movie,2023-07-18,14:30:00,17:50:00,200,3D,3,weekday,35.0,no
1005862,Meg2,movie,2023-07-18,15:00:00,17:30:00,150,Lux,4,weekday,45.0,no
1005574,Barbie,movie,2023-07-18,16:00:00,18:10:00,130,extreme,2,weekday,25.0,no
1005571,Barbie,movie,2023-07-18,16:45:00,18:55:00,130,standard,1,weekday,15.0,no
1005569,Barbie,movie,2023-07-18,17:45:00,19:55:00,130,extreme,2,weekday,25.0,no
1005922,The Nun,movie,2023-07-18,18:30:00,21:10:00,160,extreme,2,weekday,25.0,no
1005754,Openhiemer,movie,2023-07-18,19:30:00,22:50:00,200,3D,3,weekday,35.0,no
1005570,Barbie,movie,2023-07-18,20:15:00,22:25:00,130,extreme,2,weekday,25.0,no
1005981,Elemental,movie,2023-07-18,21:15:00,00:35:00,200,standard,1,weekday,15.0,no
1005757,Openhiemer,movie,2023-07-19,08:45:00,12:05:00,200,standard,1,weekday,15.0,no
1006044,Pathan,movie,2023-07-19,09:00:00,12:00:00,180,extreme,2,weekday,25.0,no
1005758,Openhiemer,movie,2023-07-19,09:15:00,12:35:00,200,extreme,2,weekday,25.0,no
1005759,Openhiemer,movie,2023-07-19,09:45:00,13:05:00,200,3D,3,weekday,35.0,no
1005579,Barbie,movie,2023-07-19,11:15:00,13:25:00,130,extreme,2,weekday,25.0,no
1005983,Elemental,movie,2023-07-19,12:00:00,15:20:00,200,standard,1,weekday,15.0,no
1005864,Meg2,movie,2023-07-19,12:15:00,14:45:00,150,Lux,4,weekday,45.0,no
1005578,Barbie,movie,2023-07-19,13:30:00,15:40:00,130,3D,3,weekday,35.0,no
1005984,Elemental,movie,2023-07-19,14:45:00,18:05:00,200,standard,1,weekday,15.0,no
1005580,Barbie,movie,2023-07-19,15:15:00,17:25:00,130,extreme,2,weekday,25.0,no
1005863,Meg2,movie,2023-07-19,16:00:00,18:30:00,150,standard,1,weekday,15.0,no
1005577,Barbie,movie,2023-07-19,16:15:00,18:25:00,130,standard,1,weekday,15.0,no
1005576,Barbie,movie,2023-07-19,18:30:00,20:40:00,130,3D,3,weekday,35.0,no
1005760,Openhiemer,movie,2023-07-19,18:45:00,22:05:00,200,extreme,2,weekday,25.0,no
1005575,Barbie,movie,2023-07-19,19:00:00,21:10:00,130,standard,1,weekday,15.0,no
1005755,Openhiemer,movie,2023-07-19,19:45:00,23:05:00,200,extreme,2,weekday,25.0,no
1005756,Openhiemer,movie,2023-07-19,19:45:00,23:05:00,200,standard,1,weekday,15.0,no
1005924,The Nun,movie,2023-07-19,20:15:00,22:55:00,160,standard,1,weekday,15.0,no
1005923,The Nun,movie,2023-07-19,21:45:00,00:25:00,160,standard,1,weekday,15.0,no
1006043,Pathan,movie,2023-07-19,21:45:00,00:45:00,180,Lux,4,weekday,45.0,no
1005926,The Nun,movie,2023-07-20,08:00:00,10:40:00,160,standard,1,weekday,15.0,no
1005985,Elemental,movie,2023-07-20,08:00:00,11:20:00,200,standard,1,weekday,15.0,no
1005925,The Nun,movie,2023-07-20,09:00:00,11:40:00,160,standard,1,weekday,15.0,no
1005582,Barbie,movie,2023-07-20,10:15:00,12:25:00,130,standard,1,weekday,15.0,no
1005761,Openhiemer,movie,2023-07-20,11:15:00,14:35:00,200,Lux,4,weekday,45.0,no
1005762,Openhiemer,movie,2023-07-20,11:15:00,14:35:00,200,extreme,2,weekday,25.0,no
1005585,Barbie,movie,2023-07-20,12:00:00,14:10:00,130,Lux,4,weekday,45.0,no
1005581,Barbie,movie,2023-07-20,12:45:00,14:55:00,130,standard,1,weekday,15.0,no
1005763,Openhiemer,movie,2023-07-20,13:15:00,16:35:00,200,standard,1,weekday,15.0,no
1005866,Meg2,movie,2023-07-20,13:45:00,16:15:00,150,standard,1,weekday,15.0,no
1006046,Pathan,movie,2023-07-20,17:00:00,20:00:00,180,standard,1,weekday,15.0,no
1006045,Pathan,movie,2023-07-20,18:00:00,21:00:00,180,Lux,4,weekday,45.0,no
1005986,Elemental,movie,2023-07-20,18:45:00,22:05:00,200,standard,1,weekday,15.0,no
1005586,Barbie,movie,2023-07-20,19:15:00,21:25:00,130,3D,3,weekday,35.0,no
1005765,Openhiemer,movie,2023-07-20,19:15:00,22:35:00,200,standard,1,weekday,15.0,no
1005766,Openhiemer,movie,2023-07-20,19:15:00,22:35:00,200,standard,1,weekday,15.0,no
1005764,Openhiemer,movie,2023-07-20,19:30:00,22:50:00,200,standard,1,weekday,15.0,no
1005865,Meg2,movie,2023-07-20,21:00:00,23:30:00,150,3D,3,weekday,35.0,no
1005583,Barbie,movie,2023-07-20,21:15:00,23:25:00,130,Lux,4,weekday,45.0,no
1005584,Barbie,movie,2023-07-20,21:45:00,23:55:00,130,standard,1,weekday,15.0,no
1006047,Pathan,movie,2023-07-21,09:00:00,12:00:00,180,standard,1,weekday,15.0,no
1005769,Openhiemer,movie,2023-07-21,09:30:00,12:50:00,200,standard,1,weekday,15.0,no
1005928,The Nun,movie,2023-07-21,12:00:00,14:40:00,160,extreme,2,weekday,25.0,no
1005927,The Nun,movie,2023-07-21,13:00:00,15:40:00,160,standard,1,weekday,15.0,no
1005588,Barbie,movie,2023-07-21,13:30:00,15:40:00,130,standard,1,weekday,15.0,no
1005590,Barbie,movie,2023-07-21,13:45:00,15:55:00,130,3D,3,weekday,35.0,no
1005770,Openhiemer,movie,2023-07-21,14:00:00,17:20:00,200,Lux,4,weekday,45.0,no
1005867,Meg2,movie,2023-07-21,14:15:00,16:45:00,150,3D,3,weekday,35.0,no
1005591,Barbie,movie,2023-07-21,14:30:00,16:40:00,130,standard,1,weekday,15.0,no
1005987,Elemental,movie,2023-07-21,16:30:00,19:50:00,200,3D,3,weekday,35.0,no
1005587,Barbie,movie,2023-07-21,16:45:00,18:55:00,130,3D,3,weekday,35.0,no
1005589,Barbie,movie,2023-07-21,17:00:00,19:10:00,130,standard,1,weekday,15.0,no
1005592,Barbie,movie,2023-07-21,17:00:00,19:10:00,130,3D,3,weekday,35.0,no
1005768,Openhiemer,movie,2023-07-21,17:00:00,20:20:00,200,standard,1,weekday,15.0,no
1005771,Openhiemer,movie,2023-07-21,18:00:00,21:20:00,200,Lux,4,weekday,45.0,no
1005767,Openhiemer,movie,2023-07-21,19:15:00,22:35:00,200,extreme,2,weekday,25.0,no
1005988,Elemental,movie,2023-07-21,20:30:00,23:50:00,200,Lux,4,weekday,45.0,no
1005772,Openhiemer,movie,2023-07-21,21:00:00,00:20:00,200,standard,1,weekday,15.0,no
1006048,Pathan,movie,2023-07-21,21:00:00,00:00:00,180,standard,1,weekday,15.0,no
1005868,Meg2,movie,2023-07-21,21:45:00,00:15:00,150,standard,1,weekday,15.0,no
1005776,Openhiemer,movie,2023-07-22,08:15:00,11:35:00,200,extreme,2,weekend,30.0,no
1005929,The Nun,movie,2023-07-22,08:30:00,11:10:00,160,standard,1,weekend,20.0,no
1005598,Barbie,movie,2023-07-22,09:45:00,11:55:00,130,standard,1,weekend,20.0,no
1005869,Meg2,movie,2023-07-22,10:45:00,13:15:00,150,standard,1,weekend,20.0,no
1005593,Barbie,movie,2023-07-22,11:30:00,13:40:00,130,Lux,4,weekend,50.0,no
1005775,Openhiemer,movie,2023-07-22,11:30:00,14:50:00,200,Lux,4,weekend,50.0,no
1005777,Openhiemer,movie,2023-07-22,11:45:00,15:05:00,200,standard,1,weekend,20.0,no
1005778,Openhiemer,movie,2023-07-22,12:15:00,15:35:00,200,3D,3,weekend,40.0,no
1006050,Pathan,movie,2023-07-22,13:00:00,16:00:00,180,standard,1,weekend,20.0,no
1005773,Openhiemer,movie,2023-07-22,13:15:00,16:35:00,200,standard,1,weekend,20.0,no
1005596,Barbie,movie,2023-07-22,15:30:00,17:40:00,130,Lux,4,weekend,50.0,no
1005774,Openhiemer,movie,2023-07-22,15:30:00,18:50:00,200,standard,1,weekend,20.0,no
1005594,Barbie,movie,2023-07-22,16:30:00,18:40:00,130,standard,1,weekend,20.0,no
1005990,Elemental,movie,2023-07-22,16:45:00,20:05:00,200,3D,3,weekend,40.0,no
1005930,The Nun,movie,2023-07-22,17:45:00,20:25:00,160,standard,1,weekend,20.0,no
1005597,Barbie,movie,2023-07-22,18:00:00,20:10:00,130,standard,1,weekend,20.0,no
1006049,Pathan,movie,2023-07-22,18:00:00,21:00:00,180,standard,1,weekend,20.0,no
1005989,Elemental,movie,2023-07-22,20:00:00,23:20:00,200,extreme,2,weekend,30.0,no
1005870,Meg2,movie,2023-07-22,21:15:00,23:45:00,150,standard,1,weekend,20.0,no
1005595,Barbie,movie,2023-07-22,21:30:00,23:40:00,130,standard,1,weekend,20.0,no
1005992,Elemental,movie,2023-07-23,08:15:00,11:35:00,200,standard,1,weekend,20.0,no
1006052,Pathan,movie,2023-07-23,08:30:00,11:30:00,180,3D,3,weekend,40.0,no
1005781,Openhiemer,movie,2023-07-23,09:00:00,12:20:00,200,3D,3,weekend,40.0,no
1005991,Elemental,movie,2023-07-23,09:00:00,12:20:00,200,Lux,4,weekend,50.0,no
1005601,Barbie,movie,2023-07-23,10:15:00,12:25:00,130,standard,1,weekend,20.0,no
1005871,Meg2,movie,2023-07-23,10:15:00,12:45:00,150,Lux,4,weekend,50.0,no
1005599,Barbie,movie,2023-07-23,11:15:00,13:25:00,130,extreme,2,weekend,30.0,no
1005602,Barbie,movie,2023-07-23,12:00:00,14:10:00,130,standard,1,weekend,20.0,no
1005783,Openhiemer,movie,2023-07-23,12:30:00,15:50:00,200,standard,1,weekend,20.0,no
1005779,Openhiemer,movie,2023-07-23,14:30:00,17:50:00,200,extreme,2,weekend,30.0,no
1005931,The Nun,movie,2023-07-23,14:30:00,17:10:00,160,standard,1,weekend,20.0,no
1006051,Pathan,movie,2023-07-23,14:45:00,17:45:00,180,Lux,4,weekend,50.0,no
1005604,Barbie,movie,2023-07-23,16:15:00,18:25:00,130,Lux,4,weekend,50.0,no
1005872,Meg2,movie,2023-07-23,17:00:00,19:30:00,150,extreme,2,weekend,30.0,no
1005782,Openhiemer,movie,2023-07-23,18:45:00,22:05:00,200,standard,1,weekend,20.0,no
1005932,The Nun,movie,2023-07-23,19:30:00,22:10:00,160,standard,1,weekend,20.0,no
1005780,Openhiemer,movie,2023-07-23,20:15:00,23:35:00,200,standard,1,weekend,20.0,no
1005784,Openhiemer,movie,2023-07-23,21:15:00,00:35:00,200,3D,3,weekend,40.0,no
1005600,Barbie,movie,2023-07-23,21:30:00,23:40:00,130,standard,1,weekend,20.0,no
1005603,Barbie,movie,2023-07-23,21:45:00,23:55:00,130,standard,1,weekend,20.0,no
1005994,Elemental,movie,2023-07-24,08:30:00,11:50:00,200,standard,1,weekday,15.0,no
1005787,Openhiemer,movie,2023-07-24,09:30:00,12:50:00,200,standard,1,weekday,15.0,no
1005605,Barbie,movie,2023-07-24,09:45:00,11:55:00,130,3D,3,weekday,35.0,no
1005788,Openhiemer,movie,2023-07-24,10:15:00,13:35:00,200,standard,1,weekday,15.0,no
1005606,Barbie,movie,2023-07-24,12:15:00,14:25:00,130,extreme,2,weekday,25.0,no
1006053,Pathan,movie,2023-07-24,14:45:00,17:45:00,180,extreme,2,weekday,25.0,no
1005607,Barbie,movie,2023-07-24,15:30:00,17:40:00,130,Lux,4,weekday,45.0,no
1005933,The Nun,movie,2023-07-24,15:30:00,18:10:00,160,standard,1,weekday,15.0,no
1005786,Openhiemer,movie,2023-07-24,15:45:00,19:05:00,200,extreme,2,weekday,25.0,no
1005993,Elemental,movie,2023-07-24,15:45:00,19:05:00,200,3D,3,weekday,35.0,no
1005934,The Nun,movie,2023-07-24,16:15:00,18:55:00,160,Lux,4,weekday,45.0,no
1005789,Openhiemer,movie,2023-07-24,16:30:00,19:50:00,200,3D,3,weekday,35.0,no
1005610,Barbie,movie,2023-07-24,16:45:00,18:55:00,130,standard,1,weekday,15.0,no
1005785,Openhiemer,movie,2023-07-24,16:45:00,20:05:00,200,standard,1,weekday,15.0,no
1006054,Pathan,movie,2023-07-24,18:00:00,21:00:00,180,standard,1,weekday,15.0,no
1005790,Openhiemer,movie,2023-07-24,18:15:00,21:35:00,200,3D,3,weekday,35.0,no
1005874,Meg2,movie,2023-07-24,18:15:00,20:45:00,150,standard,1,weekday,15.0,no
1005608,Barbie,movie,2023-07-24,19:30:00,21:40:00,130,Lux,4,weekday,45.0,no
1005609,Barbie,movie,2023-07-24,19:45:00,21:55:00,130,standard,1,weekday,15.0,no
1005873,Meg2,movie,2023-07-24,22:00:00,00:30:00,150,3D,3,weekday,35.0,no
1005613,Barbie,movie,2023-07-25,08:00:00,10:10:00,130,3D,3,weekday,35.0,no
1005793,Openhiemer,movie,2023-07-25,09:15:00,12:35:00,200,extreme,2,weekday,25.0,no
1006055,Pathan,movie,2023-07-25,09:30:00,12:30:00,180,extreme,2,weekday,25.0,no
1005995,Elemental,movie,2023-07-25,10:15:00,13:35:00,200,extreme,2,weekday,25.0,no
1006056,Pathan,movie,2023-07-25,10:30:00,13:30:00,180,extreme,2,weekday,25.0,no
1005615,Barbie,movie,2023-07-25,12:00:00,14:10:00,130,standard,1,weekday,15.0,no
1005795,Openhiemer,movie,2023-07-25,13:45:00,17:05:00,200,standard,1,weekday,15.0,no
1005794,Openhiemer,movie,2023-07-25,14:30:00,17:50:00,200,standard,1,weekday,15.0,no
1005792,Openhiemer,movie,2023-07-25,15:00:00,18:20:00,200,standard,1,weekday,15.0,no
1005614,Barbie,movie,2023-07-25,15:15:00,17:25:00,130,standard,1,weekday,15.0,no
1005796,Openhiemer,movie,2023-07-25,17:00:00,20:20:00,200,standard,1,weekday,15.0,no
1005936,The Nun,movie,2023-07-25,17:15:00,19:55:00,160,standard,1,weekday,15.0,no
1005935,The Nun,movie,2023-07-25,18:00:00,20:40:00,160,standard,1,weekday,15.0,no
1005611,Barbie,movie,2023-07-25,18:30:00,20:40:00,130,Lux,4,weekday,45.0,no
1005875,Meg2,movie,2023-07-25,19:15:00,21:45:00,150,3D,3,weekday,35.0,no
1005996,Elemental,movie,2023-07-25,19:30:00,22:50:00,200,standard,1,weekday,15.0,no
1005791,Openhiemer,movie,2023-07-25,21:00:00,00:20:00,200,standard,1,weekday,15.0,no
1005616,Barbie,movie,2023-07-25,21:15:00,23:25:00,130,Lux,4,weekday,45.0,no
1005876,Meg2,movie,2023-07-25,21:30:00,00:00:00,150,standard,1,weekday,15.0,no
1005612,Barbie,movie,2023-07-25,21:45:00,23:55:00,130,standard,1,weekday,15.0,no
1005938,The Nun,movie,2023-07-26,09:15:00,11:55:00,160,extreme,2,weekday,25.0,no
1005937,The Nun,movie,2023-07-26,11:15:00,13:55:00,160,standard,1,weekday,15.0,no
1005877,Meg2,movie,2023-07-26,12:00:00,14:30:00,150,Lux,4,weekday,45.0,no
1006058,Pathan,movie,2023-07-26,12:00:00,15:00:00,180,standard,1,weekday,15.0,no
1006057,Pathan,movie,2023-07-26,13:00:00,16:00:00,180,Lux,4,weekday,45.0,no
1005878,Meg2,movie,2023-07-26,13:30:00,16:00:00,150,3D,3,weekday,35.0,no
1005620,Barbie,movie,2023-07-26,14:45:00,16:55:00,130,standard,1,weekday,15.0,no
1005622,Barbie,movie,2023-07-26,14:45:00,16:55:00,130,extreme,2,weekday,25.0,no
1005618,Barbie,movie,2023-07-26,15:30:00,17:40:00,130,3D,3,weekday,35.0,no
1005797,Openhiemer,movie,2023-07-26,15:30:00,18:50:00,200,standard,1,weekday,15.0,no
1005997,Elemental,movie,2023-07-26,15:45:00,19:05:00,200,Lux,4,weekday,45.0,no
1005998,Elemental,movie,2023-07-26,15:45:00,19:05:00,200,3D,3,weekday,35.0,no
1005619,Barbie,movie,2023-07-26,16:15:00,18:25:00,130,extreme,2,weekday,25.0,no
1005621,Barbie,movie,2023-07-26,16:30:00,18:40:00,130,extreme,2,weekday,25.0,no
1005802,Openhiemer,movie,2023-07-26,16:30:00,19:50:00,200,standard,1,weekday,15.0,no
1005799,Openhiemer,movie,2023-07-26,16:45:00,20:05:00,200,extreme,2,weekday,25.0,no
1005800,Openhiemer,movie,2023-07-26,16:45:00,20:05:00,200,standard,1,weekday,15.0,no
1005801,Openhiemer,movie,2023-07-26,17:45:00,21:05:00,200,standard,1,weekday,15.0,no
1005617,Barbie,movie,2023-07-26,19:00:00,21:10:00,130,standard,1,weekday,15.0,no
1005798,Openhiemer,movie,2023-07-26,19:30:00,22:50:00,200,standard,1,weekday,15.0,no
1005803,Openhiemer,movie,2023-07-27,08:15:00,11:35:00,200,standard,1,weekday,15.0,no
1005999,Elemental,movie,2023-07-27,08:15:00,11:35:00,200,3D,3,weekday,35.0,no
1006059,Pathan,movie,2023-07-27,09:15:00,12:15:00,180,standard,1,weekday,15.0,no
1005939,The Nun,movie,2023-07-27,09:45:00,12:25:00,160,standard,1,weekday,15.0,no
1005628,Barbie,movie,2023-07-27,11:15:00,13:25:00,130,3D,3,weekday,35.0,no
1005807,Openhiemer,movie,2023-07-27,11:15:00,14:35:00,200,standard,1,weekday,15.0,no
1005808,Openhiemer,movie,2023-07-27,11:30:00,14:50:00,200,3D,3,weekday,35.0,no
1005879,Meg2,movie,2023-07-27,12:15:00,14:45:00,150,extreme,2,weekday,25.0,no
1005806,Openhiemer,movie,2023-07-27,12:30:00,15:50:00,200,standard,1,weekday,15.0,no
1005627,Barbie,movie,2023-07-27,13:00:00,15:10:00,130,standard,1,weekday,15.0,no
1005626,Barbie,movie,2023-07-27,13:45:00,15:55:00,130,3D,3,weekday,35.0,no
1006000,Elemental,movie,2023-07-27,14:15:00,17:35:00,200,standard,1,weekday,15.0,no
1005623,Barbie,movie,2023-07-27,18:15:00,20:25:00,130,standard,1,weekday,15.0,no
1006060,Pathan,movie,2023-07-27,18:45:00,21:45:00,180,extreme,2,weekday,25.0,no
1005804,Openhiemer,movie,2023-07-27,19:30:00,22:50:00,200,standard,1,weekday,15.0,no
1005880,Meg2,movie,2023-07-27,19:30:00,22:00:00,150,extreme,2,weekday,25.0,no
1005624,Barbie,movie,2023-07-27,21:30:00,23:40:00,130,standard,1,weekday,15.0,no
1005625,Barbie,movie,2023-07-27,21:30:00,23:40:00,130,standard,1,weekday,15.0,no
1005940,The Nun,movie,2023-07-27,21:30:00,00:10:00,160,standard,1,weekday,15.0,no
1005805,Openhiemer,movie,2023-07-27,21:45:00,01:05:00,200,standard,1,weekday,15.0,no
1006002,Elemental,movie,2023-07-28,08:15:00,11:35:00,200,3D,3,weekday,35.0,no
1005631,Barbie,movie,2023-07-28,09:00:00,11:10:00,130,3D,3,weekday,35.0,no
1005814,Openhiemer,movie,2023-07-28,09:30:00,12:50:00,200,standard,1,weekday,15.0,no
1005810,Openhiemer,movie,2023-07-28,10:45:00,14:05:00,200,extreme,2,weekday,25.0,no
1005633,Barbie,movie,2023-07-28,11:30:00,13:40:00,130,extreme,2,weekday,25.0,no
1005634,Barbie,movie,2023-07-28,11:30:00,13:40:00,130,standard,1,weekday,15.0,no
1005811,Openhiemer,movie,2023-07-28,12:15:00,15:35:00,200,standard,1,weekday,15.0,no
1006062,Pathan,movie,2023-07-28,12:45:00,15:45:00,180,standard,1,weekday,15.0,no
1005882,Meg2,movie,2023-07-28,13:15:00,15:45:00,150,standard,1,weekday,15.0,no
1006001,Elemental,movie,2023-07-28,14:00:00,17:20:00,200,3D,3,weekday,35.0,no
1005813,Openhiemer,movie,2023-07-28,14:15:00,17:35:00,200,3D,3,weekday,35.0,no
1005630,Barbie,movie,2023-07-28,15:30:00,17:40:00,130,Lux,4,weekday,45.0,no
1005941,The Nun,movie,2023-07-28,16:15:00,18:55:00,160,standard,1,weekday,15.0,no
1005629,Barbie,movie,2023-07-28,16:30:00,18:40:00,130,standard,1,weekday,15.0,no
1005812,Openhiemer,movie,2023-07-28,18:45:00,22:05:00,200,standard,1,weekday,15.0,no
1006061,Pathan,movie,2023-07-28,19:00:00,22:00:00,180,standard,1,weekday,15.0,no
1005632,Barbie,movie,2023-07-28,19:15:00,21:25:00,130,3D,3,weekday,35.0,no
1005942,The Nun,movie,2023-07-28,20:15:00,22:55:00,160,extreme,2,weekday,25.0,no
1005881,Meg2,movie,2023-07-28,20:45:00,23:15:00,150,extreme,2,weekday,25.0,no
1005809,Openhiemer,movie,2023-07-28,21:30:00,00:50:00,200,standard,1,weekday,15.0,no
1005638,Barbie,movie,2023-07-29,08:15:00,10:25:00,130,standard,1,weekend,20.0,no
1005639,Barbie,movie,2023-07-29,08:45:00,10:55:00,130,standard,1,weekend,20.0,no
1005815,Openhiemer,movie,2023-07-29,09:15:00,12:35:00,200,3D,3,weekend,40.0,no
1005884,Meg2,movie,2023-07-29,09:30:00,12:00:00,150,extreme,2,weekend,30.0,no
1005944,The Nun,movie,2023-07-29,09:30:00,12:10:00,160,standard,1,weekend,20.0,no
1005635,Barbie,movie,2023-07-29,11:15:00,13:25:00,130,standard,1,weekend,20.0,no
1006003,Elemental,movie,2023-07-29,11:45:00,15:05:00,200,extreme,2,weekend,30.0,no
1005816,Openhiemer,movie,2023-07-29,12:00:00,15:20:00,200,standard,1,weekend,20.0,no
1005817,Openhiemer,movie,2023-07-29,13:30:00,16:50:00,200,standard,1,weekend,20.0,no
1005943,The Nun,movie,2023-07-29,14:45:00,17:25:00,160,Lux,4,weekend,50.0,no
1005636,Barbie,movie,2023-07-29,15:00:00,17:10:00,130,3D,3,weekend,40.0,no
1005637,Barbie,movie,2023-07-29,15:30:00,17:40:00,130,standard,1,weekend,20.0,no
1006063,Pathan,movie,2023-07-29,15:45:00,18:45:00,180,standard,1,weekend,20.0,no
1005818,Openhiemer,movie,2023-07-29,17:00:00,20:20:00,200,extreme,2,weekend,30.0,no
1005640,Barbie,movie,2023-07-29,17:45:00,19:55:00,130,extreme,2,weekend,30.0,no
1006064,Pathan,movie,2023-07-29,18:30:00,21:30:00,180,extreme,2,weekend,30.0,no
1005820,Openhiemer,movie,2023-07-29,19:15:00,22:35:00,200,standard,1,weekend,20.0,no
1005819,Openhiemer,movie,2023-07-29,20:45:00,00:05:00,200,3D,3,weekend,40.0,no
1006004,Elemental,movie,2023-07-29,21:15:00,00:35:00,200,Lux,4,weekend,50.0,no
1005883,Meg2,movie,2023-07-29,22:00:00,00:30:00,150,3D,3,weekend,40.0,no
1005885,Meg2,movie,2023-07-30,08:00:00,10:30:00,150,standard,1,weekend,20.0,no
1006006,Elemental,movie,2023-07-30,08:15:00,11:35:00,200,standard,1,weekend,20.0,no
1005825,Openhiemer,movie,2023-07-30,08:30:00,11:50:00,200,standard,1,weekend,20.0,no
1005644,Barbie,movie,2023-07-30,08:45:00,10:55:00,130,Lux,4,weekend,50.0,no
1005646,Barbie,movie,2023-07-30,09:00:00,11:10:00,130,3D,3,weekend,40.0,no
1005643,Barbie,movie,2023-07-30,12:15:00,14:25:00,130,standard,1,weekend,20.0,no
1005823,Openhiemer,movie,2023-07-30,13:15:00,16:35:00,200,3D,3,weekend,40.0,no
1005946,The Nun,movie,2023-07-30,14:30:00,17:10:00,160,extreme,2,weekend,30.0,no
1005945,The Nun,movie,2023-07-30,14:45:00,17:25:00,160,standard,1,weekend,20.0,no
1006005,Elemental,movie,2023-07-30,15:00:00,18:20:00,200,standard,1,weekend,20.0,no
1005641,Barbie,movie,2023-07-30,15:15:00,17:25:00,130,3D,3,weekend,40.0,no
1005645,Barbie,movie,2023-07-30,15:30:00,17:40:00,130,standard,1,weekend,20.0,no
1005821,Openhiemer,movie,2023-07-30,16:30:00,19:50:00,200,Lux,4,weekend,50.0,no
1005822,Openhiemer,movie,2023-07-30,17:45:00,21:05:00,200,Lux,4,weekend,50.0,no
1005826,Openhiemer,movie,2023-07-30,17:45:00,21:05:00,200,standard,1,weekend,20.0,no
1006065,Pathan,movie,2023-07-30,17:45:00,20:45:00,180,extreme,2,weekend,30.0,no
1005642,Barbie,movie,2023-07-30,18:30:00,20:40:00,130,standard,1,weekend,20.0,no
1005824,Openhiemer,movie,2023-07-30,19:30:00,22:50:00,200,Lux,4,weekend,50.0,no
1006066,Pathan,movie,2023-07-30,20:30:00,23:30:00,180,standard,1,weekend,20.0,no
1005886,Meg2,movie,2023-07-30,21:30:00,00:00:00,150,3D,3,weekend,40.0,no
